place_id,name,main_category,rating,reviews,address,link,categories,description,Grande Categorie,latitude,longitude
ChIJxaeGNnGE5kcRNtseod9PBfA,Auchan Supermarche Trappes,Supermarche,3.9,1505.0,"Auchan Supermarche Trappes, 1 Avenue Urbain Le Verrier, 78190 Trappes",https://www.google.com/maps/place/Auchan+Supermarch%C3%A9+Trappes/data=!4m7!3m6!1s0x47e684713686a7c5:0xf0054fdfa11edb36!8m2!3d48.7878506!4d1.9746504!16s%2Fg%2F11cn7xchbf!19sChIJxaeGNnGE5kcRNtseod9PBfA?authuser=0&hl=fr&rclk=1,Supermarche,Auchan Supermarche Trappes Supermarche Supermarche,Commerce et Restauration,48.78790799999999,1.974741
ChIJZ5SLWfGD5kcR71gO3qPlTR8,Marche,Marche,4.0,1233.0,"Marche, 1 Rue Leo Lagrange, 78190 Trappes",https://www.google.com/maps/place/March%C3%A9/data=!4m7!3m6!1s0x47e683f1598b9467:0x1f4de5a3de0e58ef!8m2!3d48.7763489!4d1.9866545!16s%2Fg%2F11dfpjg5xp!19sChIJZ5SLWfGD5kcR71gO3qPlTR8?authuser=0&hl=fr&rclk=1,Marche,Marche Marche Marche,Commerce et Restauration,48.7763489,1.9866545
ChIJB_qhJPeD5kcRGt53S4geiA4,Hopital prive de l'Ouest Parisien - Ramsay Sante,Hopital prive,2.8,735.0,"Hopital prive de l'Ouest Parisien - Ramsay Sante, 14 Rue Castiglione del Lago, 78190 Trappes",https://www.google.com/maps/place/H%C3%B4pital+priv%C3%A9+de+l%27Ouest+Parisien+-+Ramsay+Sant%C3%A9/data=!4m7!3m6!1s0x47e683f724a1fa07:0xe881e884b77de1a!8m2!3d48.7782102!4d1.9894717!16s%2Fg%2F11cm3s7nwd!19sChIJB_qhJPeD5kcRGt53S4geiA4?authuser=0&hl=fr&rclk=1,"Hopital prive, Hopital","Hopital prive de l'Ouest Parisien - Ramsay Sante Hopital prive Hopital prive, Hopital",Sante,48.7782102,1.9894717
ChIJiwOvVa6G5kcRhTqxmato9_Y,Ile de Loisirs de Saint-Quentin-en-Yvelines,Parc de loisirs,3.5,703.0,"Ile de Loisirs de Saint-Quentin-en-Yvelines, Rond Point Eric Tabarly, D912, 78190 Trappes","https://www.google.com/maps/place/%C3%8Ele+de+Loisirs+de+Saint-Quentin-en-Yvelines/@48.7850337,1.9943197,17z/data=!3m1!4b1!4m6!3m5!1s0x47e686ae55af038b:0xf6f768ab99b13a85!8m2!3d48.7850337!4d1.9943197!16s%2Fg%2F122zkc0x?authuser=0&hl=fr&entry=ttu","Parc de loisirs, Club de voile, Ferme pedagogique, Club de golf, Centre equestre, Reserve naturelle, Aire de pique-nique, Restaurant, Ecole de navigation","Ile de Loisirs de Saint-Quentin-en-Yvelines Parc de loisirs Parc de loisirs, Club de voile, Ferme pedagogique, Club de golf, Centre equestre, Reserve naturelle, Aire de pique-nique, Restaurant, Ecole de navigation",Sport et loisir,48.7850337,1.9943197
ChIJ6e1H5fOD5kcRSFgqsJIsC98,La Merise,Salle de spectacles,4.5,432.0,"La Merise, Place des Merisiers, 78190 Trappes","https://www.google.com/maps/place/La+Merise/@48.7767752,1.9855484,17z/data=!3m1!4b1!4m6!3m5!1s0x47e683f3e547ede9:0xdf0b2c92b02a5848!8m2!3d48.7767752!4d1.9855484!16s%2Fg%2F1td_4hcy?authuser=0&hl=fr&entry=ttu",Salle de spectacles,La Merise Salle de spectacles Salle de spectacles,Sport et loisir,48.7767752,1.9855484
ChIJPSdeYfWD5kcRRlaRO3AyaIk,CISQY,Mosquee,4.7,389.0,"CISQY, 49 Av. Hector Berlioz, 78190 Trappes","https://www.google.com/maps/place/CISQY/@48.7830239,1.9832204,17z/data=!3m1!4b1!4m6!3m5!1s0x47e683f5615e273d:0x896832703b915646!8m2!3d48.7830239!4d1.9832204!16s%2Fg%2F1td6lzwb?authuser=0&hl=fr&entry=ttu","Mosquee, Organisme a but non lucratif, Organisation religieuse","CISQY Mosquee Mosquee, Organisme a but non lucratif, Organisation religieuse",Culture,48.7830239,1.9832204
ChIJN7ZcEfuD5kcRUbzDfbnZGcM,Communaute Emmaus Trappes,Association caritative,4.1,350.0,"Communaute Emmaus Trappes, 201 Av. des Bouleaux, 78190 Trappes","https://www.google.com/maps/place/Communaut%C3%A9+Emma%C3%BCs+Trappes/@48.7699761,2.0097312,17z/data=!3m1!4b1!4m6!3m5!1s0x47e683fb115cb637:0xc319d9b97dc3bc51!8m2!3d48.7699761!4d2.0097312!16s%2Fg%2F1tdr7hrv?authuser=0&hl=fr&entry=ttu",Association caritative,Communaute Emmaus Trappes Association caritative Association caritative,Aide sociale,48.7699761,2.0097312
ChIJnXQOjVaB5kcRyXq8Va7CVQA,Dr Israel Benjamin - Cabinet dentaire et d'Orthodontie Trappes Saint Quentin en Yvelines,Dentiste,4.7,239.0,"Dr Israel Benjamin - Cabinet dentaire et d'Orthodontie Trappes Saint Quentin en Yvelines, 25 bis Av. Gabriel Peri, 78190 Trappes",https://www.google.com/maps/place/Dr+Israel+Benjamin+-+Cabinet+dentaire+et+d%27Orthodontie+Trappes+Saint+Quentin+en+Yvelines/data=!4m7!3m6!1s0x47e681568d0e749d:0x55c2ae55bc7ac9!8m2!3d48.7759002!4d2.0063343!16s%2Fg%2F1thd5_fj!19sChIJnXQOjVaB5kcRyXq8Va7CVQA?authuser=0&hl=fr&rclk=1,"Dentiste, Orthodontiste","Dr Israel Benjamin - Cabinet dentaire et d'Orthodontie Trappes Saint Quentin en Yvelines Dentiste Dentiste, Orthodontiste",Sante,48.7759002,2.0063343
ChIJ435JAVaB5kcRFhUyZXiIV1Q,Cinema le Grenier a Sel,Cinema,4.5,206.0,"Cinema le Grenier a Sel, 1 Rue de l'Abreuvoir, 78190 Trappes","https://www.google.com/maps/place/Cin%C3%A9ma+le+Grenier+%C3%A0+Sel/@48.7770153,2.003019,17z/data=!3m1!4b1!4m6!3m5!1s0x47e6815601497ee3:0x5457887865321516!8m2!3d48.7770153!4d2.003019!16s%2Fg%2F11b5pkm74d?authuser=0&hl=fr&entry=ttu",Cinema,Cinema le Grenier a Sel Cinema Cinema,Sport et loisir,48.7770153,2.003019
ChIJH005N_SD5kcRkfBqbKDJ6Fk,Mairie de Trappes,Administration locale,3.8,202.0,"Mairie de Trappes, 1 Rue de la Republique, 78190 Trappes","https://www.google.com/maps/place/Mairie+de+Trappes/@48.7758279,1.9993893,17z/data=!3m1!4b1!4m6!3m5!1s0x47e683f437394d1f:0x59e8c9a06c6af091!8m2!3d48.7758279!4d1.9993893!16s%2Fg%2F1tp26lpt?authuser=0&hl=fr&entry=ttu",Hotel de ville,Mairie de Trappes Administration locale Hotel de ville,"Services Publics, Administration",48.7758279,1.9993893
ChIJh8y0XvOD5kcR2a4u9QJRDAY,Piscine municipale Jacques Monquaut,Piscine Sport et loisir,4.1,176.0,"Piscine municipale Jacques Monquaut, Rue Leo Lagrange, 78190 Trappes","https://www.google.com/maps/place/Piscine+municipale+Jacques+Monquaut/@48.7774984,1.9782583,17z/data=!3m1!4b1!4m6!3m5!1s0x47e683f35eb4cc87:0x60c5102f52eaed9!8m2!3d48.7774984!4d1.9782583!16s%2Fg%2F1hc3f9c14?authuser=0&hl=fr&entry=ttu","Piscine municipale, Piscine exterieure","Piscine municipale Jacques Monquaut Piscine Sport et loisir Piscine municipale, Piscine exterieure",Sport et loisir,48.77749840000001,1.9782583
ChIJgbFdpDyB5kcRst-zX7OEwJo,ENZO HOTELS TRAPPES By KYRIAD DIRECT,Hotel,4.0,169.0,"ENZO HOTELS TRAPPES By KYRIAD DIRECT, Rue Eugene Henaff, 78190 Trappes",https://www.google.com/maps/place/ENZO+HOTELS+TRAPPES+By+KYRIAD+DIRECT/data=!4m10!3m9!1s0x47e6813ca45db181:0x9ac084b35fb3dfb2!5m2!4m1!1i2!8m2!3d48.7699967!4d2.0027206!16s%2Fg%2F11fhtzcz6g!19sChIJgbFdpDyB5kcRst-zX7OEwJo?authuser=0&hl=fr&rclk=1,Hotel,ENZO HOTELS TRAPPES By KYRIAD DIRECT Hotel Hotel,Commerce et Restauration,48.7699967,2.0027206
ChIJIQn9wv2D5kcRp3PH45wobts,Le marche du centre ville - Dimanche,Marche,3.7,168.0,"Le marche du centre ville - Dimanche, 78190 Rue de la Republique, 78190 Trappes",https://www.google.com/maps/place/Le+march%C3%A9+du+centre+ville+-+Dimanche/data=!4m7!3m6!1s0x47e683fdc2fd0921:0xdb6e289ce3c773a7!8m2!3d48.7766041!4d1.9999583!16s%2Fg%2F11c532hl05!19sChIJIQn9wv2D5kcRp3PH45wobts?authuser=0&hl=fr&rclk=1,Marche,Le marche du centre ville - Dimanche Marche Marche,Commerce et Restauration,48.7766041,1.9999583
ChIJh__oPNmD5kcRLsdwgnyBSA0,Don Calzone,Restauration rapide,4.7,151.0,"Don Calzone, 21 Rue Jean Jaures, 78190 Trappes",https://www.google.com/maps/place/Don+Calzone/data=!4m7!3m6!1s0x47e683d93ce8ff87:0xd48817c8270c72e!8m2!3d48.7762953!4d2.0023916!16s%2Fg%2F11h02f1fnv!19sChIJh__oPNmD5kcRLsdwgnyBSA0?authuser=0&hl=fr&rclk=1,"Restauration rapide, Pizzeria","Don Calzone Restauration rapide Restauration rapide, Pizzeria",Commerce et Restauration,48.7762953,2.0023916
ChIJlfVSu7iD5kcRn17lE3ItMp0,Point.P - Trappes,Magasin de materiaux de construction,4.2,145.0,"Point.P - Trappes, Zi Trappes Elancourt, 13 Rue Francois Arago, 78190 Trappes",https://www.google.com/maps/place/Point.P+-+Trappes/data=!4m7!3m6!1s0x47e683b8bb52f595:0x9d322d7213e55e9f!8m2!3d48.7585639!4d1.9763642!16s%2Fg%2F1thn4v8z!19sChIJlfVSu7iD5kcRn17lE3ItMp0?authuser=0&hl=fr&rclk=1,"Magasin de materiaux de construction, Quincaillerie, Magasin de bricolage, Magasin de materiaux d'isolation, Magasin d'outillage","Point.P - Trappes Magasin de materiaux de construction Magasin de materiaux de construction, Quincaillerie, Magasin de bricolage, Magasin de materiaux d'isolation, Magasin d'outillage",Commerce et Restauration,48.7585639,1.9763642
ChIJeVdrjf6D5kcR9cEXTpoId0o,Eglise Saint-Georges de Trappes,Eglise catholique,4.5,142.0,"Eglise Saint-Georges de Trappes, 23 Rue de Montfort, 78190 Trappes",https://www.google.com/maps/place/%C3%89glise+Saint-Georges+de+Trappes/data=!4m7!3m6!1s0x47e683fe8d6b5779:0x4a77089a4e17c1f5!8m2!3d48.7780939!4d1.9997739!16s%2Fg%2F122dl_wy!19sChIJeVdrjf6D5kcR9cEXTpoId0o?authuser=0&hl=fr&rclk=1,Eglise catholique,Eglise Saint-Georges de Trappes Eglise catholique Eglise catholique,Culture,48.77809389999999,1.9997739
ChIJf1v-C_iD5kcRyidLC_VRe70,Stade Gilbert Chansac,Complexe sportif,4.2,107.0,"Stade Gilbert Chansac, Ile de Loisirs - Golf, 92 Rue de Montfort, 78190 Trappes",https://www.google.com/maps/place/Stade+Gilbert+Chansac/data=!4m7!3m6!1s0x47e683f80bfe5b7f:0xbd7b51f50b4b27ca!8m2!3d48.7820786!4d1.9933419!16s%2Fg%2F11c1xdjf08!19sChIJf1v-C_iD5kcRyidLC_VRe70?authuser=0&hl=fr&rclk=1,Complexe sportif,Stade Gilbert Chansac Complexe sportif Complexe sportif,Sport et loisir,48.7820786,1.9933419
ChIJn23ga32D5kcRQ8SIJS4EaKc,Exotique Center,Magasin,5.0,103.0,"Exotique Center, 15 Av. Maryse Bastie, 78190 Trappes",https://www.google.com/maps/place/Exotique+Center/data=!4m7!3m6!1s0x47e6837d6be06d9f:0xa768042e2588c443!8m2!3d48.7798772!4d1.9878813!16s%2Fg%2F11qqfcjwq9!19sChIJn23ga32D5kcRQ8SIJS4EaKc?authuser=0&hl=fr&rclk=1,"Magasin, Epicerie fine, Service de transfert d'argent","Exotique Center Magasin Magasin, Epicerie fine, Service de transfert d'argent",Commerce et Restauration,48.77987719999999,1.9878813
ChIJR7-f_oqD5kcR5BhTJnGPLx0,Gymnase Broustal,Complexe sportif,4.4,95.0,"Gymnase Broustal, 6 Av. Ludwig Van Beethoven, 78190 Trappes","https://www.google.com/maps/place/Gymnase+Broustal/@48.7828298,1.9788212,17z/data=!3m1!4b1!4m6!3m5!1s0x47e6838afe9fbf47:0x1d2f8f71265318e4!8m2!3d48.7828298!4d1.9788212!16s%2Fg%2F1hc2ql3l_?authuser=0&hl=fr&entry=ttu","Complexe sportif, Salle de gym","Gymnase Broustal Complexe sportif Complexe sportif, Salle de gym",Sport et loisir,48.7828298,1.9788212
ChIJLx9BPcKB5kcRExGjHiNb5BM,Centre Medico-Dentaire de Trappes,Dentiste,4.2,93.0,"Centre Medico-Dentaire de Trappes, 65 Av. Paul Vaillant-Couturier, 78190 Trappes",https://www.google.com/maps/place/Centre+M%C3%A9dico-Dentaire+de+Trappes/data=!4m7!3m6!1s0x47e681c23d411f2f:0x13e45b231ea31113!8m2!3d48.7770772!4d2.0046488!16s%2Fg%2F11rc6xplcf!19sChIJLx9BPcKB5kcRExGjHiNb5BM?authuser=0&hl=fr&rclk=1,"Dentiste, Cabinet dentaire, Cabinet medical","Centre Medico-Dentaire de Trappes Dentiste Dentiste, Cabinet dentaire, Cabinet medical",Sante,48.7770772,2.0046488
ChIJ3x4t8KqD5kcRJ0nkwefMghw,RENARD JEAN ELAGAGE ELAGUEUR PERE & FILS grimpeur paysagiste entretien parcs et jardins 78/92/,Service d'elagage,5.0,93.0,"RENARD JEAN ELAGAGE ELAGUEUR PERE & FILS grimpeur paysagiste entretien parcs et jardins 78/92/, 6 Av. Hector Berlioz, 78190 Trappes",https://www.google.com/maps/place/RENARD+JEAN+ELAGAGE+%C3%89LAGUEUR+P%C3%89RE+%26+FILS+grimpeur+paysagiste+entretien+parcs+et+jardins+78%2F92%2F/data=!4m7!3m6!1s0x47e683aaf02d1edf:0x1c82cce7c1e44927!8m2!3d48.7796805!4d1.9841839!16s%2Fg%2F11h8fhr3yt!19sChIJ3x4t8KqD5kcRJ0nkwefMghw?authuser=0&hl=fr&rclk=1,"Service d'elagage, Jardinier, Paysagiste","RENARD JEAN ELAGAGE ELAGUEUR PERE & FILS grimpeur paysagiste entretien parcs et jardins 78/92/ Service d'elagage Service d'elagage, Jardinier, Paysagiste","Services Publics, Administration",48.7796805,1.9841839
ChIJde7kzAmE5kcRpaE5NWkOMn8,Gymnase Jean Guimier,Complexe sportif,4.1,88.0,"Gymnase Jean Guimier, 10 Av. Eugene Delacroix, 78190 Trappes","https://www.google.com/maps/place/Gymnase+Jean+Guimier/@48.7818165,1.9923176,17z/data=!3m1!4b1!4m6!3m5!1s0x47e68409cce4ee75:0x7f320e693539a1a5!8m2!3d48.7818165!4d1.9923176!16s%2Fg%2F1hc59fhdn?authuser=0&hl=fr&entry=ttu","Complexe sportif, Salle de gym","Gymnase Jean Guimier Complexe sportif Complexe sportif, Salle de gym",Sport et loisir,48.7818165,1.9923176
ChIJCcxc4VaB5kcR-ClsaKim3dk,Trappes,Service publique de transport gare,3.1,78.0,"Trappes, 78190 Trappes","https://www.google.com/maps/place/Trappes/@48.7749338,2.0063971,17z/data=!3m1!4b1!4m6!3m5!1s0x47e68156e15ccc09:0xd9dda6a8686c29f8!8m2!3d48.7749338!4d2.0063971!16s%2Fg%2F122c64k3?authuser=0&hl=fr&entry=ttu",Gare,Trappes Service publique de transport gare Gare,"Services Publics, Administration",48.7772276,1.9973063
ChIJ5b7mW1aB5kcREeuB0jCBC34,Librairie le Mille Feuilles,Librairie,4.7,68.0,"Librairie le Mille Feuilles, 23 Rue Pierre Semard, 78190 Trappes",https://www.google.com/maps/place/Librairie+le+Mille+Feuilles/data=!4m7!3m6!1s0x47e681565be6bee5:0x7e0b8130d281eb11!8m2!3d48.7754259!4d2.0051671!16s%2Fg%2F11f_c09ct8!19sChIJ5b7mW1aB5kcREeuB0jCBC34?authuser=0&hl=fr&rclk=1,Librairie,Librairie le Mille Feuilles Librairie Librairie,Culture,48.77542589999999,2.0051671
ChIJQfRZsIWD5kcRLl2eqRFMTS0,Gossip Fit,Salle de fitness,4.4,66.0,"Gossip Fit, 26 Av. des Freres Lumiere, 78190 Trappes",https://www.google.com/maps/place/Gossip+Fit/data=!4m7!3m6!1s0x47e68385b059f441:0x2d4d4c11a99e5d2e!8m2!3d48.7612447!4d1.9929368!16s%2Fg%2F11ghnpynb8!19sChIJQfRZsIWD5kcRLl2eqRFMTS0?authuser=0&hl=fr&rclk=1,Salle de fitness,Gossip Fit Salle de fitness Salle de fitness,Sport et loisir,48.7612447,1.9929368
ChIJEedvZvWD5kcRwJQ1cIhaOTk,Mediatheque Anatole-France,Bibliotheque,4.3,59.0,"Mediatheque Anatole-France, 1 Pl. de la Mediatheque, 78190 Trappes",https://www.google.com/maps/place/M%C3%A9diath%C3%A8que+Anatole-France/data=!4m7!3m6!1s0x47e683f5666fe711:0x39395a88703594c0!8m2!3d48.7816667!4d1.9827778!16s%2Fg%2F1tj6t44q!19sChIJEedvZvWD5kcRwJQ1cIhaOTk?authuser=0&hl=fr&rclk=1,Bibliotheque,Mediatheque Anatole-France Bibliotheque Bibliotheque,Culture,48.7816667,1.9827778
ChIJ796bm7KD5kcRSA43D3fuijM,Parc Municipal de Trappes,Parc,4.3,55.0,"Parc Municipal de Trappes, 78190 Trappes",https://www.google.com/maps/place/Parc+Municipal+de+Trappes/data=!4m7!3m6!1s0x47e683b29b9bdeef:0x338aee770f370e48!8m2!3d48.7803249!4d2.0002!16s%2Fg%2F11j2z2gf1j!19sChIJ796bm7KD5kcRSA43D3fuijM?authuser=0&hl=fr&rclk=1,Parc,Parc Municipal de Trappes Parc Parc,Sport et loisir,48.7803249,2.0002
ChIJD1gRuP2D5kcRBHGPGs0gKzo,Pharmacie Principale,Pharmacie,4.4,53.0,"Pharmacie Principale, 43 Rue Jean Jaures, 78190 Trappes",https://www.google.com/maps/place/Pharmacie+Principale/data=!4m7!3m6!1s0x47e683fdb811580f:0x3a2b20cd1a8f7104!8m2!3d48.7758121!4d2.0007865!16s%2Fg%2F1tfj2h2q!19sChIJD1gRuP2D5kcRBHGPGs0gKzo?authuser=0&hl=fr&rclk=1,Pharmacie,Pharmacie Principale Pharmacie Pharmacie,Sante,48.7758121,2.0007865
ChIJEcFQNvGD5kcRNuPM0spji8E,Pharmacie Pharmavance Trappes,Pharmacie,3.1,53.0,"Pharmacie Pharmavance Trappes, Rue Gerard Philipe, 78190 Trappes",https://www.google.com/maps/place/Pharmacie+Pharmavance+Trappes/data=!4m7!3m6!1s0x47e683f13650c111:0xc18b63cad2cce336!8m2!3d48.7769485!4d1.9877878!16s%2Fg%2F11csrny3wv!19sChIJEcFQNvGD5kcRNuPM0spji8E?authuser=0&hl=fr&rclk=1,Pharmacie,Pharmacie Pharmavance Trappes Pharmacie Pharmacie,Sante,48.7769485,1.9877878
ChIJJ9_P0PiD5kcRqvCH7p5xp-g,Le Petit Gibus,Centre de loisirs,4.5,47.0,"Le Petit Gibus, 9 Rue du Martray, 78190 Trappes",https://www.google.com/maps/place/Le+Petit+Gibus/data=!4m7!3m6!1s0x47e683f8d0cfdf27:0xe8a7719eee87f0aa!8m2!3d48.7811058!4d1.9979401!16s%2Fg%2F11cn5mr_0w!19sChIJJ9_P0PiD5kcRqvCH7p5xp-g?authuser=0&hl=fr&rclk=1,Centre de loisirs,Le Petit Gibus Centre de loisirs Centre de loisirs,Sport et loisir,48.7811058,1.9979401
ChIJd2j6tP2D5kcR5Ku7yQiC79E,Le Douze Heures Restaurant,Restaurant,4.7,45.0,"Le Douze Heures Restaurant, 38 Rue Jean Jaures, 78190 Trappes",https://www.google.com/maps/place/Le+Douze+Heures+Restaurant/data=!4m7!3m6!1s0x47e683fdb4fa6877:0xd1ef8208c9bbabe4!8m2!3d48.7758253!4d2.0000546!16s%2Fg%2F11qg2xrhs_!19sChIJd2j6tP2D5kcR5Ku7yQiC79E?authuser=0&hl=fr&rclk=1,Restaurant,Le Douze Heures Restaurant Restaurant Restaurant,Commerce et Restauration,48.7758253,2.0000546
ChIJq0HBxvGD5kcRCLXZ5htP2N8,salle Jean-Baptiste Clement,Salle de spectacles,3.8,43.0,"salle Jean-Baptiste Clement, 4 Rue des Anciens Combattants, 78190 Trappes","https://www.google.com/maps/place/salle+Jean-Baptiste+Cl%C3%A9ment/@48.7788566,1.9864722,17z/data=!3m1!4b1!4m6!3m5!1s0x47e683f1c6c141ab:0xdfd84f1be6d9b508!8m2!3d48.7788566!4d1.9864722!16s%2Fg%2F11dfjb80vv?authuser=0&hl=fr&entry=ttu",Salle de spectacles,salle Jean-Baptiste Clement Salle de spectacles Salle de spectacles,Sport et loisir,48.7788566,1.9864722
ChIJFzAe0_2D5kcRTh4Qn6vhc1g,Maison de la Justice et du Droit,Association ou organisation,3.6,36.0,"Maison de la Justice et du Droit, 3 Pl. de la Mairie, 78190 Trappes",https://www.google.com/maps/place/Maison+de+la+Justice+et+du+Droit/data=!4m7!3m6!1s0x47e683fdd31e3017:0x5873e1ab9f101e4e!8m2!3d48.776579!4d2.0004445!16s%2Fg%2F11c2l0l6l3!19sChIJFzAe0_2D5kcRTh4Qn6vhc1g?authuser=0&hl=fr&rclk=1,Association ou organisation,Maison de la Justice et du Droit Association ou organisation Association ou organisation,Aide sociale,48.776579,2.0004445
ChIJH9-fNlqB5kcRYJsOoEB2-L4,France Travail (ex Pole emploi),Agence pour l'emploi,2.4,33.0,"France Travail (ex Pole emploi), 130 Av. des Bouleaux, 78190 Trappes",https://www.google.com/maps/place/France+Travail+%28ex+P%C3%B4le+emploi%29/data=!4m7!3m6!1s0x47e6815a369fdf1f:0xbef87640a00e9b60!8m2!3d48.76945!4d2.009315!16s%2Fg%2F113jd0ffx!19sChIJH9-fNlqB5kcRYJsOoEB2-L4?authuser=0&hl=fr&rclk=1,"Agence pour l'emploi, Agence d'orientation professionnelle, Conseil, Conseiller, Centre d'emploi, Administration, Services d'information, Service d'aide a la recherche d'emploi, Centre d'information et d'orientation, Centre d'information","France Travail (ex Pole emploi) Agence pour l'emploi Agence pour l'emploi, Agence d'orientation professionnelle, Conseil, Conseiller, Centre d'emploi, Administration, Services d'information, Service d'aide a la recherche d'emploi, Centre d'information et d'orientation, Centre d'information","Services Publics, Administration",48.76945,2.009315
ChIJm_bX5IyD5kcRVaQ6CN-s2e0,Stade Youri Gagarine,Terrain de football,4.2,30.0,"Stade Youri Gagarine, Rue Pierre Courtade, 78190 Trappes","https://www.google.com/maps/place/Stade+Youri+Gagarine/@48.7755333,1.9784759,17z/data=!3m1!4b1!4m6!3m5!1s0x47e6838ce4d7f69b:0xedd9acdf083aa455!8m2!3d48.7755333!4d1.9784759!16s%2Fg%2F11cs5vxtc2?authuser=0&hl=fr&entry=ttu",Terrain de football,Stade Youri Gagarine Terrain de football Terrain de football,Sport et loisir,48.7755333,1.9784759
ChIJP2hW0LCD5kcR4lJFm1jSe9A,Micro-creches Les Bebidoux (Trappes - 78190),ecole pour enfant,5.0,28.0,"Micro-creches Les Bebidoux (Trappes - 78190), 93 Rue Jean Jaures, 78190 Trappes",https://www.google.com/maps/place/Micro-cr%C3%A8ches+Les+B%C3%A9bidoux+%28Trappes+-+78190%29/data=!4m7!3m6!1s0x47e683b0d056683f:0xd07bd2589b4552e2!8m2!3d48.774408!4d1.9968236!16s%2Fg%2F11h80c5084!19sChIJP2hW0LCD5kcR4lJFm1jSe9A?authuser=0&hl=fr&rclk=1,Creche,Micro-creches Les Bebidoux (Trappes - 78190) ecole pour enfant Creche,Enseignement,48.774408,1.9968236
ChIJ--oRb-OD5kcRGJ8rvbx1YGk,EAV - Agence de TRAPPES,Service d'assainissement,4.5,27.0,"EAV - Agence de TRAPPES, 5 Av. Georges Politzer, 78190 Trappes",https://www.google.com/maps/place/EAV+-+Agence+de+TRAPPES/data=!4m7!3m6!1s0x47e683e36f11eafb:0x696075bcbd2b9f18!8m2!3d48.770563!4d1.9975923!16s%2Fg%2F11dx8ntsnq!19sChIJ--oRb-OD5kcRGJ8rvbx1YGk?authuser=0&hl=fr&rclk=1,"Service d'assainissement, Service d'entretien et de reparation de fosses septiques","EAV - Agence de TRAPPES Service d'assainissement Service d'assainissement, Service d'entretien et de reparation de fosses septiques","Services Publics, Administration",48.770563,1.9975923
ChIJB1vrvfOD5kcRcxtSG62mLjM,Maison de sante du Theatre - Trappes,Medecin generaliste,2.8,26.0,"Maison de sante du Theatre - Trappes, 17 Rue Gerard Philipe, 78190 Trappes",https://www.google.com/maps/place/Maison+de+sant%C3%A9+du+Th%C3%A9%C3%A2tre+-+Trappes/data=!4m7!3m6!1s0x47e683f3bdeb5b07:0x332ea6ad1b521b73!8m2!3d48.7758163!4d1.9857772!16s%2Fg%2F11b6d08jhh!19sChIJB1vrvfOD5kcRcxtSG62mLjM?authuser=0&hl=fr&rclk=1,"Medecin generaliste, Sage-femme, Cabinet infirmier, Osteopathe, Orthophoniste","Maison de sante du Theatre - Trappes Medecin generaliste Medecin generaliste, Sage-femme, Cabinet infirmier, Osteopathe, Orthophoniste",Sante,48.7758163,1.9857772
ChIJSSwu1S-D5kcRStY-TO39jbg,Espace 1901 - Maison des associations,Association ou organisation,4.7,26.0,"Espace 1901 - Maison des associations, 22 Rue Maurice Ravel, 78190 Trappes","https://www.google.com/maps/place/Espace+1901+-+Maison+des+associations/@48.7816821,1.9889328,17z/data=!3m1!4b1!4m6!3m5!1s0x47e6832fd52e2c49:0xb88dfded4c3ed64a!8m2!3d48.7816821!4d1.9889328!16s%2Fg%2F11hf87klyk?authuser=0&hl=fr&entry=ttu",Association ou organisation,Espace 1901 - Maison des associations Association ou organisation Association ou organisation,Aide sociale,48.7816821,1.9889328
ChIJ94SUN_mD5kcRdc85EfNhBSU,Conservatoire de musique et de danse,Ecole de musique,4.6,26.0,"Conservatoire de musique et de danse, 4 Rue des Fermes, 78190 Trappes","https://www.google.com/maps/place/Conservatoire+de+musique+et+de+danse/@48.7781904,1.9969799,17z/data=!3m1!4b1!4m6!3m5!1s0x47e683f9379484f7:0x250561f31139cf75!8m2!3d48.7781904!4d1.9969799!16s%2Fg%2F11flt35z0h?authuser=0&hl=fr&entry=ttu",Ecole de musique,Conservatoire de musique et de danse Ecole de musique Ecole de musique,Enseignement,48.77819040000001,1.9969799
ChIJWQZCduSD5kcR8B5V4tvGdpc,H-Tube CPIB,Magasin de materiaux de construction,4.2,26.0,"H-Tube CPIB, 8 Av. Roger Hennequin, 78190 Trappes","https://www.google.com/maps/place/H-Tube+CPIB/@48.7694726,1.9973952,17z/data=!3m1!4b1!4m6!3m5!1s0x47e683e476420659:0x9776c6dbe2551ef0!8m2!3d48.7694726!4d1.9973952!16s%2Fg%2F1tgz4t2l?authuser=0&hl=fr&entry=ttu",Magasin de materiaux de construction,H-Tube CPIB Magasin de materiaux de construction Magasin de materiaux de construction,Commerce et Restauration,48.7694726,1.9973952
ChIJVViSvPaD5kcRFyMp5WpWAAU,Centre de sante municipal - Docteur Jacques Fribourg,Centre medical public,2.5,25.0,"Centre de sante municipal - Docteur Jacques Fribourg, 15 Av. du Mahatma Gandhi, 78190 Trappes",https://www.google.com/maps/place/Centre+de+sant%C3%A9+municipal+-+Docteur+Jacques+Fribourg/data=!4m7!3m6!1s0x47e683f6bc925855:0x500566ae5292317!8m2!3d48.7784333!4d1.9869295!16s%2Fg%2F11byfljtk6!19sChIJVViSvPaD5kcRFyMp5WpWAAU?authuser=0&hl=fr&rclk=1,"Centre medical public, Medecin","Centre de sante municipal - Docteur Jacques Fribourg Centre medical public Centre medical public, Medecin",Sante,48.7784333,1.9869295
ChIJBQU4RPiD5kcRKGUliUJz21k,College Le Village,College,4.0,24.0,"College Le Village, 90 Rue de Montfort, 78190 Trappes",https://www.google.com/maps/place/Coll%C3%A8ge+Le+Village/data=!4m7!3m6!1s0x47e683f844380505:0x59db734289256528!8m2!3d48.7809791!4d1.9965913!16s%2Fg%2F1tmpv91t!19sChIJBQU4RPiD5kcRKGUliUJz21k?authuser=0&hl=fr&rclk=1,"College, Etablissement d'enseignement secondaire","College Le Village College College, Etablissement d'enseignement secondaire",Enseignement,48.7809791,1.9965913
ChIJMcpYZfmD5kcRHL4a2ozON6Q,Centre socioculturel Annette Moro,Centre social,4.5,24.0,"Centre socioculturel Annette Moro, 18 Sq. George Sand, 78190 Trappes","https://www.google.com/maps/place/Centre+socioculturel+Annette+Moro/@48.7833254,1.9907751,17z/data=!3m1!4b1!4m6!3m5!1s0x47e683f96558ca31:0xa437ce8cda1abe1c!8m2!3d48.7833254!4d1.9907751!16s%2Fg%2F113j085m7?authuser=0&hl=fr&entry=ttu",Centre social,Centre socioculturel Annette Moro Centre social Centre social,Aide sociale,48.7833254,1.9907751
ChIJ642p7wmE5kcR0T9d7cxPKkA,Lycee La Plaine de Neauphle,Etablissement d'enseignement secondaire,3.2,22.0,"Lycee La Plaine de Neauphle, 3 Place Naguib Mahfouz, 78190 Trappes",https://www.google.com/maps/place/Lyc%C3%A9e+La+Plaine+de+Neauphle/data=!4m7!3m6!1s0x47e68409efa98deb:0x402a4fcced5d3fd1!8m2!3d48.7813035!4d1.9841184!16s%2Fg%2F12hlbb3bp!19sChIJ642p7wmE5kcR0T9d7cxPKkA?authuser=0&hl=fr&rclk=1,Etablissement d'enseignement secondaire,Lycee La Plaine de Neauphle Etablissement d'enseignement secondaire Etablissement d'enseignement secondaire,Enseignement,48.7813035,1.9841184
ChIJH005N_SD5kcROzC75utO-Aw,Centre socioculturel des Merisiers,Centre social,4.4,21.0,"Centre socioculturel des Merisiers, 2 Rue Eugene Pottier, 78190 Trappes",https://www.google.com/maps/place/Centre+socioculturel+des+Merisiers/data=!4m7!3m6!1s0x47e683f437394d1f:0xcf84eebe6bb303b!8m2!3d48.7785003!4d1.9854496!16s%2Fg%2F1hm24pbjp!19sChIJH005N_SD5kcROzC75utO-Aw?authuser=0&hl=fr&rclk=1,Centre social,Centre socioculturel des Merisiers Centre social Centre social,Aide sociale,48.7785003,1.9854496
ChIJo98xBYyD5kcRECunmAmKO6o,Salle Pablo Picasso,Salle de reception,4.2,18.0,"Salle Pablo Picasso, Rue Pablo Picasso, 78190 Trappes","https://www.google.com/maps/place/Salle+Pablo+Picasso/@48.7770013,1.9755881,17z/data=!3m1!4b1!4m6!3m5!1s0x47e6838c0531dfa3:0xaa3b8a0998a72b10!8m2!3d48.7770013!4d1.9755881!16s%2Fg%2F11bzz3dj2d?authuser=0&hl=fr&entry=ttu",Salle de reception,Salle Pablo Picasso Salle de reception Salle de reception,Culture,48.77700129999999,1.9755881
ChIJRxEhSfeD5kcR7r0KuEVwSUA,Docteur Driss Salhi,sante des enfants,5.0,17.0,"Docteur Driss Salhi, 14 Rue Castiglione del Lago, 78190 Trappes",https://www.google.com/maps/place/Docteur+Driss+Salhi/data=!4m7!3m6!1s0x47e683f749211147:0x40497045b80abdee!8m2!3d48.7779058!4d1.9900246!16s%2Fg%2F11c3k6frg4!19sChIJRxEhSfeD5kcR7r0KuEVwSUA?authuser=0&hl=fr&rclk=1,Pediatre,Docteur Driss Salhi sante des enfants Pediatre,Sante,48.7779058,1.9900246
ChIJfbW3yu2D5kcRJeoT0vj5WTg,Centre des Finances Publiques,Centre des impots,2.9,17.0,"Centre des Finances Publiques, 25 Av. Paul Vaillant-Couturier, 78190 Trappes",https://www.google.com/maps/place/Centre+des+Finances+Publiques/data=!4m7!3m6!1s0x47e683edcab7b57d:0x3859f9f8d213ea25!8m2!3d48.7787731!4d2.0097352!16s%2Fg%2F1hm48lhfl!19sChIJfbW3yu2D5kcRJeoT0vj5WTg?authuser=0&hl=fr&rclk=1,"Centre des impots, Tresor public","Centre des Finances Publiques Centre des impots Centre des impots, Tresor public","Services Publics, Administration",48.7787731,2.0097352
ChIJ4eFYaPeD5kcRtjqi6KY3p-k,Caf des Yvelines - Accueil de Trappes,Administration locale,1.9,16.0,"Caf des Yvelines - Accueil de Trappes, 6 Av. Hector Berlioz, 78190 Trappes","https://www.google.com/maps/place/Caf+des+Yvelines+-+Accueil+de+Trappes/@48.7797878,1.9841332,17z/data=!3m1!4b1!4m6!3m5!1s0x47e683f76858e1e1:0xe9a737a6e8a23ab6!8m2!3d48.7797878!4d1.9841332!16s%2Fg%2F1v5fr6s1?authuser=0&hl=fr&entry=ttu",Administration locale,Caf des Yvelines - Accueil de Trappes Administration locale Administration locale,"Services Publics, Administration",48.7797878,1.9841332
ChIJ96ILgPWD5kcRKYgBYNOcMFk,Gymnase Paul Mahier,Complexe sportif,4.5,15.0,"Gymnase Paul Mahier, 2 Av. Hector Berlioz, 78190 Trappes",https://www.google.com/maps/place/Gymnase+Paul+Mahier/data=!4m7!3m6!1s0x47e683f5800ba2f7:0x59309cd360018829!8m2!3d48.7797988!4d1.9853466!16s%2Fg%2F1vxcvr2h!19sChIJ96ILgPWD5kcRKYgBYNOcMFk?authuser=0&hl=fr&rclk=1,"Complexe sportif, Salle de gym","Gymnase Paul Mahier Complexe sportif Complexe sportif, Salle de gym",Sport et loisir,48.7797988,1.9853466
ChIJY4I-iVaB5kcRScJPEcfx5sc,Cyberbase - Bureau information jeunesse,Administration,4.6,14.0,"Cyberbase - Bureau information jeunesse, 16 bis Av. Gabriel Peri, 78190 Trappes","https://www.google.com/maps/place/Cyberbase+-+Bureau+information+jeunesse/@48.7756996,2.0056707,17z/data=!3m1!4b1!4m6!3m5!1s0x47e68156893e8263:0xc7e6f1c7114fc249!8m2!3d48.7756996!4d2.0056707!16s%2Fg%2F11b76ndq94?authuser=0&hl=fr&entry=ttu",Administration,Cyberbase - Bureau information jeunesse Administration Administration,"Services Publics, Administration",48.7756996,2.0056707
ChIJg-bBQLCD5kcRlN3Fi-7vqZo,Stephane Plaza Immobilier Trappes,Agence immobiliere,5.0,13.0,"Stephane Plaza Immobilier Trappes, 51 Rue Jean Jaures, 78190 Trappes",https://www.google.com/maps/place/St%C3%A9phane+Plaza+Immobilier+Trappes/data=!4m7!3m6!1s0x47e683b040c1e683:0x9aa9efee8bc5dd94!8m2!3d48.7756787!4d2.0003096!16s%2Fg%2F11ks6prsyq!19sChIJg-bBQLCD5kcRlN3Fi-7vqZo?authuser=0&hl=fr&rclk=1,Agence immobiliere,Stephane Plaza Immobilier Trappes Agence immobiliere Agence immobiliere,Commerce et Restauration,48.7756787,2.0003096
